"","subject_ids","classification_id","workflow_version","task","total_species","species_index","choice","how_many","off_leash","wow"
"1",4620331,23276083,5.7,"T0",1,1,"NTHNGHR",NA,NA,NA
"2",3492795,23276089,5.7,"T0",1,1,"MS","1",NA,NA
"3",4637517,23276100,5.7,"T0",1,1,"NTHNGHR",NA,NA,NA
"4",4624381,23276102,5.7,"T0",1,1,"NTHNGHR",NA,NA,NA
"5",4638795,23276105,5.7,"T0",1,1,"NTHNGHR",NA,NA,NA
"6",4624289,23276110,5.7,"T0",1,1,"NTHNGHR",NA,NA,NA
"7",4631354,23276176,5.7,"T0",1,1,"SQRRLGR","1",NA,"WOW!"
"8",4644141,23276560,5.7,"T0",1,1,"NTHNGHR",NA,NA,NA
"9",4637614,23276574,5.7,"T0",1,1,"NTHNGHR",NA,NA,NA
"10",4622495,23276577,5.7,"T0",1,1,"SQRRLGR","1",NA,NA
"11",4624703,23276585,5.7,"T0",1,1,"NTHNGHR",NA,NA,NA
"12",4624518,23276592,5.7,"T0",1,1,"NTHNGHR",NA,NA,NA
"13",4632149,23276596,5.7,"T0",1,1,"HMN","1",NA,NA
"14",4647976,23276599,5.7,"T0",1,1,"HMN","1",NA,NA
"15",4622381,23276605,5.7,"T0",1,1,"HMN","1",NA,NA
"16",4619456,23276612,5.7,"T0",1,1,"HMN","1",NA,NA
"17",4621314,23276614,5.7,"T0",1,1,"NTHNGHR",NA,NA,NA
"18",4645602,23276624,5.7,"T0",1,1,"NTHNGHR",NA,NA,NA
"19",4633438,23276629,5.7,"T0",1,1,"NTHNGHR",NA,NA,NA
"20",4630287,23276630,5.7,"T0",1,1,"DGDMSTC","1",NA,NA
"21",4643089,23276637,5.7,"T0",1,1,"NTHNGHR",NA,NA,NA
"22",4640130,23276648,5.7,"T0",1,1,"NTHNGHR",NA,NA,NA
"23",4645622,23276658,5.7,"T0",1,1,"NTHNGHR",NA,NA,NA
"24",4648550,23276659,5.7,"T0",1,1,"DR","2",NA,NA
"25",4645501,23276664,5.7,"T0",1,1,"SQRRLGR","1",NA,NA
"26",4648316,23276665,5.7,"T0",1,1,"NTHNGHR",NA,NA,NA
"27",4629920,23276672,5.7,"T0",1,1,"NTHNGHR",NA,NA,NA
"28",4647843,23276675,5.7,"T0",1,1,"NTHNGHR",NA,NA,NA
"29",4633434,23276679,5.7,"T0",1,1,"BRD","1",NA,NA
"30",4627152,23276682,5.7,"T0",1,1,"NTHNGHR",NA,NA,NA
"31",4623930,23276685,5.7,"T0",1,1,"NTHNGHR",NA,NA,NA
"32",4629012,23276686,5.7,"T0",1,1,"NTHNGHR",NA,NA,NA
"33",4618933,23276687,5.7,"T0",1,1,"HMN","1",NA,NA
"34",4629030,23276693,5.7,"T0",1,1,"NTHNGHR",NA,NA,NA
"35",4625270,23276694,5.7,"T0",1,1,"HMN","1",NA,NA
"36",4641320,23276696,5.7,"T0",1,1,"NTHNGHR",NA,NA,NA
"37",4646544,23276698,5.7,"T0",1,1,"NTHNGHR",NA,NA,NA
"38",4628995,23276700,5.7,"T0",1,1,"NTHNGHR",NA,NA,NA
"39",4621814,23276702,5.7,"T0",1,1,"RCCN","1",NA,NA
"40",4639358,23276705,5.7,"T0",1,1,"DGDMSTC","1","S",NA
"41",4632084,23276706,5.7,"T0",1,1,"NTHNGHR",NA,NA,NA
"42",4619363,23276707,5.7,"T0",1,1,"NTHNGHR",NA,NA,NA
"43",4648327,23276711,5.7,"T0",1,1,"NTHNGHR",NA,NA,NA
"44",4627967,23276713,5.7,"T0",1,1,"NTHNGHR",NA,NA,NA
"45",4626132,23276714,5.7,"T0",1,1,"NTHNGHR",NA,NA,NA
"46",4635373,23276715,5.7,"T0",1,1,"NTHNGHR",NA,NA,NA
"47",4631106,23276717,5.7,"T0",1,1,"NTHNGHR",NA,NA,NA
"48",4628769,23276718,5.7,"T0",1,1,"NTHNGHR",NA,NA,NA
"49",4618613,23276719,5.7,"T0",1,1,"NTHNGHR",NA,NA,NA
"50",4629160,23276722,5.7,"T0",1,1,"DR","1",NA,NA
"51",4638643,23276726,5.7,"T0",1,1,"NTHNGHR",NA,NA,NA
"52",4641930,23276728,5.7,"T0",1,1,"NTHNGHR",NA,NA,NA
"53",4624360,23276732,5.7,"T0",1,1,"NTHNGHR",NA,NA,NA
"54",4619976,23276734,5.7,"T0",1,1,"NTHNGHR",NA,NA,NA
"55",4635782,23276736,5.7,"T0",1,1,"RCCN","1",NA,NA
"56",4638427,23276737,5.7,"T0",1,1,"NTHNGHR",NA,NA,NA
"57",4626670,23276739,5.7,"T0",1,1,"NTHNGHR",NA,NA,NA
"58",4626062,23276742,5.7,"T0",1,1,"RCCN","1",NA,NA
"59",4627275,23276744,5.7,"T0",1,1,"NTHNGHR",NA,NA,NA
"60",4643591,23276748,5.7,"T0",1,1,"NTHNGHR",NA,NA,NA
"61",4640218,23276750,5.7,"T0",1,1,"NTHNGHR",NA,NA,NA
"62",4643034,23276752,5.7,"T0",1,1,"NTHNGHR",NA,NA,NA
"63",4632684,23276753,5.7,"T0",1,1,"NTHNGHR",NA,NA,NA
"64",4624649,23276759,5.7,"T0",1,1,"NTHNGHR",NA,NA,NA
"65",4621385,23276760,5.7,"T0",1,1,"NTHNGHR",NA,NA,NA
"66",4630809,23276764,5.7,"T0",1,1,"HMN","1",NA,NA
"67",4639603,23276765,5.7,"T0",1,1,"NTHNGHR",NA,NA,NA
"68",4623231,23276772,5.7,"T0",1,1,"NTHNGHR",NA,NA,NA
"69",4647385,23276774,5.7,"T0",1,1,"NTHNGHR",NA,NA,NA
"70",4626326,23276776,5.7,"T0",1,1,"PSSM","1",NA,NA
"71",4640536,23276777,5.7,"T0",1,1,"NTHNGHR",NA,NA,NA
"72",4634500,23276782,5.7,"T0",1,1,"NTHNGHR",NA,NA,NA
"73",4631110,23276783,5.7,"T0",1,1,"NTHNGHR",NA,NA,NA
"74",4647754,23276785,5.7,"T0",1,1,"NTHNGHR",NA,NA,NA
"75",4631004,23276787,5.7,"T0",1,1,"CT","1",NA,NA
"76",4627679,23276792,5.7,"T0",1,1,"NTHNGHR",NA,NA,NA
"77",4625623,23276793,5.7,"T0",1,1,"NTHNGHR",NA,NA,NA
"78",4621703,23276794,5.7,"T0",1,1,"NTHNGHR",NA,NA,NA
"79",4631354,23276796,5.7,"T0",1,1,"SQRRLFX","1",NA,NA
"80",4636148,23276798,5.7,"T0",1,1,"CT","1",NA,NA
"81",4636505,23276799,5.7,"T0",1,1,"NTHNGHR",NA,NA,NA
"82",4643030,23276804,5.7,"T0",1,1,"NTHNGHR",NA,NA,NA
"83",4622407,23276807,5.7,"T0",1,1,"HMN","1",NA,NA
"84",4638484,23276809,5.7,"T0",1,1,"NTHNGHR",NA,NA,NA
"85",4658828,23276810,5.7,"T0",1,1,"NTHNGHR",NA,NA,NA
"86",4619734,23276812,5.7,"T0",1,1,"HMN","1",NA,NA
"87",4632604,23276814,5.7,"T0",1,1,"NTHNGHR",NA,NA,NA
"88",4623424,23276817,5.7,"T0",1,1,"NTHNGHR",NA,NA,NA
"89",4646829,23276825,5.7,"T0",1,1,"NTHNGHR",NA,NA,NA
"90",4642053,23276829,5.7,"T0",1,1,"NTHNGHR",NA,NA,NA
"91",4625724,23276830,5.7,"T0",1,1,"PSSM","1",NA,NA
"92",4623245,23276831,5.7,"T0",1,1,"NTHNGHR",NA,NA,NA
"93",4643659,23276837,5.7,"T0",1,1,"NTHNGHR",NA,NA,NA
"94",4635123,23276838,5.7,"T0",1,1,"BRD","1",NA,NA
"95",4642032,23276839,5.7,"T0",1,1,"NTHNGHR",NA,NA,NA
"96",4634588,23276842,5.7,"T0",1,1,"NTHNGHR",NA,NA,NA
"97",4635859,23276844,5.7,"T0",1,1,"RCCN","1",NA,NA
"98",4621814,23276848,5.7,"T0",1,1,"RCCN","1",NA,NA
"99",4636087,23276849,5.7,"T0",1,1,"BRD","1",NA,NA
"100",4619740,23276850,5.7,"T0",1,1,"NTHNGHR",NA,NA,NA
"101",4636403,23276852,5.7,"T0",1,1,"NTHNGHR",NA,NA,NA
"102",4658865,23276855,5.7,"T0",1,1,"NTHNGHR",NA,NA,NA
"103",4641998,23276856,5.7,"T0",1,1,"RBBT","1",NA,NA
"104",4621754,23276858,5.7,"T0",1,1,"RCCN","1",NA,NA
"105",4634673,23276859,5.7,"T0",1,1,"NTHNGHR",NA,NA,NA
"106",4619761,23276861,5.7,"T0",1,1,"DGDMSTC","1",NA,NA
"107",4639211,23276865,5.7,"T0",1,1,"PSSM","1",NA,NA
"108",4638278,23276867,5.7,"T0",1,1,"NTHNGHR",NA,NA,NA
"109",4622253,23276871,5.7,"T0",1,1,"RCCN","1",NA,NA
"110",4624360,23276872,5.7,"T0",1,1,"NTHNGHR",NA,NA,NA
"111",4620099,23276873,5.7,"T0",2,1,"HMN","1",NA,NA
"112",4620099,23276873,5.7,"T0",2,2,"DGDMSTC","1",NA,NA
"113",4622499,23276874,5.7,"T0",1,1,"HMN","1",NA,NA
"114",4619511,23276875,5.7,"T0",1,1,"HMN","1",NA,NA
"115",4625759,23276876,5.7,"T0",1,1,"CT","1",NA,NA
"116",4647086,23276878,5.7,"T0",1,1,"NTHNGHR",NA,NA,NA
"117",4635081,23276880,5.7,"T0",1,1,"BRD","2",NA,NA
"118",4639211,23276882,5.7,"T0",1,1,"WSL","1",NA,NA
"119",4630418,23276884,5.7,"T0",1,1,"DGDMSTC","1","S",NA
"120",4620972,23276886,5.7,"T0",1,1,"NTHNGHR",NA,NA,NA
"121",4624649,23276887,5.7,"T0",1,1,"NTHNGHR",NA,NA,NA
"122",4622497,23276888,5.7,"T0",1,1,"NTHNGHR",NA,NA,NA
"123",4640951,23276891,5.7,"T0",1,1,"NTHNGHR",NA,NA,NA
"124",4634500,23276893,5.7,"T0",1,1,"NTHNGHR",NA,NA,NA
"125",4626147,23276895,5.7,"T0",1,1,"HMN","1",NA,NA
"126",4644068,23276897,5.7,"T0",1,1,"NTHNGHR",NA,NA,NA
"127",4636213,23276900,5.7,"T0",1,1,"SQRRLMLNSTCGR","1",NA,NA
"128",4647882,23276903,5.7,"T0",1,1,"NTHNGHR",NA,NA,NA
"129",4627486,23276904,5.7,"T0",1,1,"NTHNGHR",NA,NA,NA
"130",4620086,23276911,5.7,"T0",1,1,"RBBT","1",NA,NA
"131",4628945,23276912,5.7,"T0",1,1,"RCCN","3",NA,NA
"132",4639120,23276913,5.7,"T0",1,1,"RBBT","1",NA,NA
"133",4619660,23276915,5.7,"T0",1,1,"HMN","1",NA,NA
"134",4627275,23276916,5.7,"T0",1,1,"NTHNGHR",NA,NA,NA
"135",4638180,23276918,5.7,"T0",1,1,"NTHNGHR",NA,NA,NA
"136",4628564,23276920,5.7,"T0",1,1,"NTHNGHR",NA,NA,NA
"137",4626441,23276925,5.7,"T0",1,1,"NTHNGHR",NA,NA,NA
"138",4645122,23276926,5.7,"T0",1,1,"NTHNGHR",NA,NA,NA
"139",4646732,23276929,5.7,"T0",1,1,"NTHNGHR",NA,NA,NA
"140",4618981,23276932,5.7,"T0",1,1,"RCCN","1",NA,NA
"141",4624949,23276933,5.7,"T0",1,1,"NTHNGHR",NA,NA,NA
"142",4646662,23276934,5.7,"T0",1,1,"NTHNGHR",NA,NA,NA
"143",4624879,23276938,5.7,"T0",1,1,"NTHNGHR",NA,NA,NA
"144",4633708,23276939,5.7,"T0",1,1,"NTHNGHR",NA,NA,NA
"145",4625384,23276942,5.7,"T0",1,1,"NTHNGHR",NA,NA,NA
"146",4625675,23276943,5.7,"T0",1,1,"DR","1",NA,NA
"147",4639425,23276944,5.7,"T0",1,1,"DGDMSTC","1",NA,NA
"148",4646381,23276947,5.7,"T0",1,1,"NTHNGHR",NA,NA,NA
"149",4626818,23276952,5.7,"T0",1,1,"NTHNGHR",NA,NA,NA
"150",4645586,23276956,5.7,"T0",1,1,"NTHNGHR",NA,NA,NA
"151",4620853,23276957,5.7,"T0",1,1,"NTHNGHR",NA,NA,NA
"152",4631279,23276959,5.7,"T0",1,1,"HMN","1",NA,NA
"153",4620972,23276962,5.7,"T0",1,1,"NTHNGHR",NA,NA,NA
"154",4638964,23276963,5.7,"T0",1,1,"RBBT","1",NA,NA
"155",4635490,23276964,5.7,"T0",1,1,"NTHNGHR",NA,NA,NA
"156",4620952,23276966,5.7,"T0",1,1,"NTHNGHR",NA,NA,NA
"157",4641261,23276967,5.7,"T0",1,1,"NTHNGHR",NA,NA,NA
"158",4645341,23276969,5.7,"T0",1,1,"NTHNGHR",NA,NA,NA
"159",4647009,23276970,5.7,"T0",1,1,"SQRRLGR","1",NA,NA
"160",4626793,23276971,5.7,"T0",1,1,"NTHNGHR",NA,NA,NA
"161",4629633,23276972,5.7,"T0",1,1,"HMN","1",NA,NA
"162",4645058,23276975,5.7,"T0",1,1,"DR","1",NA,NA
"163",4647324,23276976,5.7,"T0",1,1,"NTHNGHR",NA,NA,NA
"164",4644634,23276977,5.7,"T0",1,1,"NTHNGHR",NA,NA,NA
"165",4631508,23276979,5.7,"T0",1,1,"DGDMSTC","1","S",NA
"166",4621044,23276981,5.7,"T0",1,1,"NTHNGHR",NA,NA,NA
"167",4630868,23276983,5.7,"T0",1,1,"NTHNGHR",NA,NA,NA
"168",4637196,23276984,5.7,"T0",1,1,"NTHNGHR",NA,NA,NA
"169",4624429,23276986,5.7,"T0",1,1,"NTHNGHR",NA,NA,NA
"170",4647949,23276987,5.7,"T0",1,1,"DR","1",NA,NA
"171",4635132,23276988,5.7,"T0",1,1,"BRD","1",NA,NA
"172",4643591,23276989,5.7,"T0",1,1,"NTHNGHR",NA,NA,NA
"173",4646949,23276994,5.7,"T0",1,1,"NTHNGHR",NA,NA,NA
"174",4643651,23276995,5.7,"T0",1,1,"NTHNGHR",NA,NA,NA
"175",4631745,23276996,5.7,"T0",1,1,"NTHNGHR",NA,NA,NA
"176",4637196,23276998,5.7,"T0",1,1,"NTHNGHR",NA,NA,NA
"177",4635259,23276999,5.7,"T0",1,1,"BRD","1",NA,NA
"178",4640409,23277003,5.7,"T0",1,1,"NTHNGHR",NA,NA,NA
"179",4647051,23277005,5.7,"T0",1,1,"NTHNGHR",NA,NA,NA
"180",4637542,23277006,5.7,"T0",1,1,"NTHNGHR",NA,NA,NA
"181",4635706,23277007,5.7,"T0",1,1,"NTHNGHR",NA,NA,NA
"182",4639020,23277008,5.7,"T0",1,1,"NTHNGHR",NA,NA,NA
"183",4618607,23277010,5.7,"T0",1,1,"NTHNGHR",NA,NA,NA
"184",4644385,23277011,5.7,"T0",1,1,"NTHNGHR",NA,NA,NA
"185",4648095,23277016,5.7,"T0",1,1,"SQRRLFX","1",NA,NA
"186",4628644,23277017,5.7,"T0",1,1,"NTHNGHR",NA,NA,NA
"187",4628204,23277018,5.7,"T0",1,1,"NTHNGHR",NA,NA,NA
"188",4638711,23277020,5.7,"T0",1,1,"NTHNGHR",NA,NA,NA
"189",4623504,23277021,5.7,"T0",1,1,"NTHNGHR",NA,NA,NA
"190",4630963,23277023,5.7,"T0",1,1,"NTHNGHR",NA,NA,NA
"191",4642495,23277026,5.7,"T0",1,1,"NTHNGHR",NA,NA,NA
"192",4619850,23277028,5.7,"T0",1,1,"DGDMSTC","1","S",NA
"193",4635575,23277029,5.7,"T0",1,1,"NTHNGHR",NA,NA,NA
"194",4634657,23277031,5.7,"T0",1,1,"NTHNGHR",NA,NA,NA
"195",4641981,23277032,5.7,"T0",1,1,"RCCN","1",NA,NA
"196",4622646,23277033,5.7,"T0",1,1,"NTHNGHR",NA,NA,NA
"197",4646530,23277035,5.7,"T0",1,1,"NTHNGHR",NA,NA,NA
"198",4624859,23277036,5.7,"T0",1,1,"NTHNGHR",NA,NA,NA
"199",4633898,23277038,5.7,"T0",1,1,"NTHNGHR",NA,NA,NA
"200",4619763,23277039,5.7,"T0",1,1,"NTHNGHR",NA,NA,NA
"201",4637963,23277044,5.7,"T0",1,1,"NTHNGHR",NA,NA,NA
"202",4631957,23277045,5.7,"T0",1,1,"NTHNGHR",NA,NA,NA
"203",4636889,23277048,5.7,"T0",1,1,"NTHNGHR",NA,NA,NA
"204",4646117,23277049,5.7,"T0",1,1,"NTHNGHR",NA,NA,NA
"205",4622122,23277050,5.7,"T0",1,1,"RCCN","1",NA,NA
"206",4618981,23277051,5.7,"T0",1,1,"RCCN","1",NA,NA
"207",4638774,23277052,5.7,"T0",1,1,"NTHNGHR",NA,NA,NA
"208",4632611,23277056,5.7,"T0",1,1,"NTHNGHR",NA,NA,NA
"209",4623123,23277058,5.7,"T0",1,1,"NTHNGHR",NA,NA,NA
"210",4644631,23277060,5.7,"T0",1,1,"NTHNGHR",NA,NA,NA
"211",4619746,23277062,5.7,"T0",1,1,"HMN","1",NA,NA
"212",4648215,23277068,5.7,"T0",1,1,"NTHNGHR",NA,NA,NA
"213",4646662,23277071,5.7,"T0",1,1,"NTHNGHR",NA,NA,NA
"214",4635384,23277076,5.7,"T0",1,1,"NTHNGHR",NA,NA,NA
"215",4634001,23277078,5.7,"T0",1,1,"NTHNGHR",NA,NA,NA
"216",4620003,23277081,5.7,"T0",1,1,"DGDMSTC","1",NA,NA
"217",4658713,23277085,5.7,"T0",1,1,"NTHNGHR",NA,NA,NA
"218",4638774,23277090,5.7,"T0",1,1,"NTHNGHR",NA,NA,NA
"219",4640734,23277094,5.7,"T0",1,1,"NTHNGHR",NA,NA,NA
"220",4634217,23277096,5.7,"T0",1,1,"NTHNGHR",NA,NA,NA
"221",4622379,23277097,5.7,"T0",1,1,"SQRRLGR","1",NA,NA
"222",4635679,23277100,5.7,"T0",1,1,"NTHNGHR",NA,NA,NA
"223",4640240,23277102,5.7,"T0",1,1,"NTHNGHR",NA,NA,NA
"224",4623934,23277105,5.7,"T0",1,1,"NTHNGHR",NA,NA,NA
"225",4623826,23277108,5.7,"T0",1,1,"NTHNGHR",NA,NA,NA
"226",4620211,23277110,5.7,"T0",1,1,"NTHNGHR",NA,NA,NA
"227",4630948,23277122,5.7,"T0",1,1,"NTHNGHR",NA,NA,NA
"228",4644971,23277127,5.7,"T0",1,1,"SQRRLFX","1",NA,NA
"229",4639120,23277129,5.7,"T0",1,1,"CTDMSTC","1",NA,NA
"230",4632324,23277138,5.7,"T0",1,1,"DR","2",NA,NA
"231",4638317,23277141,5.7,"T0",1,1,"NTHNGHR",NA,NA,NA
"232",4646662,23277148,5.7,"T0",1,1,"NTHNGHR",NA,NA,NA
"233",4641847,23277149,5.7,"T0",1,1,"NTHNGHR",NA,NA,NA
"234",4632174,23277154,5.7,"T0",1,1,"NTHNGHR",NA,NA,NA
"235",4630418,23277155,5.7,"T0",1,1,"DGDMSTC","1",NA,NA
"236",4628698,23277156,5.7,"T0",1,1,"NTHNGHR",NA,NA,NA
"237",4647786,23277161,5.7,"T0",1,1,"BRD","1",NA,NA
"238",4628912,23277162,5.7,"T0",1,1,"SQRRLGR","1",NA,NA
"239",4619734,23277164,5.7,"T0",1,1,"HMN","1",NA,NA
"240",4636381,23277167,5.7,"T0",1,1,"NTHNGHR",NA,NA,NA
"241",4640747,23277168,5.7,"T0",1,1,"NTHNGHR",NA,NA,NA
"242",4632417,23277170,5.7,"T0",1,1,"SQRRLGR","1",NA,NA
"243",4619348,23277176,5.7,"T0",1,1,"NTHNGHR",NA,NA,NA
"244",4643491,23277179,5.7,"T0",1,1,"NTHNGHR",NA,NA,NA
"245",4626864,23277182,5.7,"T0",1,1,"NTHNGHR",NA,NA,NA
"246",4626348,23277183,5.7,"T0",1,1,"NTHNGHR",NA,NA,NA
"247",4637517,23277190,5.7,"T0",1,1,"NTHNGHR",NA,NA,NA
"248",4634139,23277193,5.7,"T0",1,1,"NTHNGHR",NA,NA,NA
"249",4635853,23277195,5.7,"T0",1,1,"RCCN","1",NA,NA
"250",4625395,23277196,5.7,"T0",1,1,"NTHNGHR",NA,NA,NA
"251",4658771,23277197,5.7,"T0",1,1,"NTHNGHR",NA,NA,NA
"252",4627783,23277199,5.7,"T0",1,1,"NTHNGHR",NA,NA,NA
"253",4625338,23277203,5.7,"T0",1,1,"NTHNGHR",NA,NA,NA
"254",4631514,23277204,5.7,"T0",1,1,"SQRRLGR","1",NA,NA
"255",4644155,23277205,5.7,"T0",1,1,"NTHNGHR",NA,NA,NA
"256",4620681,23277206,5.7,"T0",1,1,"NTHNGHR",NA,NA,NA
"257",4642702,23277212,5.7,"T0",1,1,"RBBT","1",NA,NA
"258",4634566,23277213,5.7,"T0",1,1,"NTHNGHR",NA,NA,NA
"259",4635281,23277214,5.7,"T0",1,1,"RCCN","1",NA,NA
"260",4631807,23277216,5.7,"T0",1,1,"SQRRLGR","1",NA,NA
"261",4645416,23277217,5.7,"T0",1,1,"NTHNGHR",NA,NA,NA
"262",4630198,23277220,5.7,"T0",1,1,"NTHNGHR",NA,NA,NA
"263",4624978,23277223,5.7,"T0",1,1,"NTHNGHR",NA,NA,NA
"264",4631613,23277225,5.7,"T0",1,1,"NTHNGHR",NA,NA,NA
"265",4622379,23277226,5.7,"T0",1,1,"SQRRLGR","1",NA,NA
"266",4622815,23277230,5.7,"T0",1,1,"NTHNGHR",NA,NA,NA
"267",4628934,23277232,5.7,"T0",1,1,"RCCN","1",NA,NA
"268",4644155,23277233,5.7,"T0",1,1,"NTHNGHR",NA,NA,NA
"269",4631871,23277235,5.7,"T0",1,1,"SQRRLGR","1",NA,NA
"270",4626184,23277236,5.7,"T0",1,1,"NTHNGHR",NA,NA,NA
"271",4625966,23277237,5.7,"T0",1,1,"NTHNGHR",NA,NA,NA
"272",4635206,23277239,5.7,"T0",1,1,"NTHNGHR",NA,NA,NA
"273",4619815,23277240,5.7,"T0",1,1,"NTHNGHR",NA,NA,NA
"274",4630882,23277246,5.7,"T0",1,1,"NTHNGHR",NA,NA,NA
"275",4635405,23277248,5.7,"T0",1,1,"RCCN","1",NA,NA
"276",4618933,23277249,5.7,"T0",1,1,"HMN","1",NA,NA
"277",4645139,23277250,5.7,"T0",1,1,"SQRRLFX","1",NA,NA
"278",4622600,23277251,5.7,"T0",1,1,"HMN","1",NA,NA
"279",4642291,23277254,5.7,"T0",1,1,"NTHNGHR",NA,NA,NA
"280",4634290,23277255,5.7,"T0",1,1,"NTHNGHR",NA,NA,NA
"281",4624540,23277256,5.7,"T0",1,1,"NTHNGHR",NA,NA,NA
"282",4628233,23277258,5.7,"T0",1,1,"NTHNGHR",NA,NA,NA
"283",4647555,23277260,5.7,"T0",1,1,"NTHNGHR",NA,NA,NA
"284",4644864,23277261,5.7,"T0",1,1,"NTHNGHR",NA,NA,NA
"285",4646995,23277263,5.7,"T0",1,1,"NTHNGHR",NA,NA,NA
"286",4629406,23277264,5.7,"T0",1,1,"NTHNGHR",NA,NA,NA
"287",4644697,23277266,5.7,"T0",1,1,"NTHNGHR",NA,NA,NA
"288",4618748,23277268,5.7,"T0",1,1,"RCCN","1",NA,NA
"289",4628521,23277269,5.7,"T0",1,1,"NTHNGHR",NA,NA,NA
"290",4636334,23277270,5.7,"T0",1,1,"NTHNGHR",NA,NA,NA
"291",4635651,23277271,5.7,"T0",1,1,"NTHNGHR",NA,NA,NA
"292",4643971,23277274,5.7,"T0",1,1,"NTHNGHR",NA,NA,NA
"293",4623108,23277277,5.7,"T0",1,1,"NTHNGHR",NA,NA,NA
"294",4631525,23277278,5.7,"T0",1,1,"DGDMSTC","1","S",NA
"295",4618914,23277279,5.7,"T0",1,1,"NTHNGHR",NA,NA,NA
"296",4621439,23277280,5.7,"T0",1,1,"NTHNGHR",NA,NA,NA
"297",4618573,23277281,5.7,"T0",1,1,"RCCN","1",NA,NA
"298",4641835,23277282,5.7,"T0",1,1,"NTHNGHR",NA,NA,NA
"299",4637204,23277285,5.7,"T0",1,1,"NTHNGHR",NA,NA,NA
"300",4631871,23277286,5.7,"T0",1,1,"SQRRLFX","1",NA,NA
"301",4621785,23277289,5.7,"T0",1,1,"NTHNGHR",NA,NA,NA
"302",4631110,23277290,5.7,"T0",1,1,"NTHNGHR",NA,NA,NA
"303",4622467,23277294,5.7,"T0",1,1,"SQRRLGR","1",NA,NA
"304",4628894,23277295,5.7,"T0",1,1,"SQRRLGR","1",NA,NA
"305",4633289,23277298,5.7,"T0",1,1,"HMN","1",NA,NA
"306",4643311,23277302,5.7,"T0",1,1,"NTHNGHR",NA,NA,NA
"307",3492756,23277303,5.7,"T0",1,1,"CTDMSTC","1",NA,NA
"308",4631745,23277304,5.7,"T0",1,1,"NTHNGHR",NA,NA,NA
"309",4622358,23277305,5.7,"T0",1,1,"NTHNGHR",NA,NA,NA
"310",4647165,23277307,5.7,"T0",1,1,"NTHNGHR",NA,NA,NA
"311",4640536,23277309,5.7,"T0",1,1,"NTHNGHR",NA,NA,NA
"312",4647871,23277310,5.7,"T0",1,1,"HMN","1",NA,NA
"313",4635733,23277311,5.7,"T0",1,1,"NTHNGHR",NA,NA,NA
"314",4630684,23277312,5.7,"T0",1,1,"DGDMSTC","1","S",NA
"315",4645888,23277313,5.7,"T0",1,1,"NTHNGHR",NA,NA,NA
"316",4631916,23277314,5.7,"T0",1,1,"NTHNGHR",NA,NA,NA
"317",4637996,23277316,5.7,"T0",1,1,"NTHNGHR",NA,NA,NA
"318",4629160,23277317,5.7,"T0",1,1,"DR","1",NA,NA
"319",4638820,23277319,5.7,"T0",1,1,"NTHNGHR",NA,NA,NA
"320",4641222,23277320,5.7,"T0",1,1,"NTHNGHR",NA,NA,NA
"321",4639761,23277322,5.7,"T0",1,1,"NTHNGHR",NA,NA,NA
"322",4635205,23277326,5.7,"T0",1,1,"NTHNGHR",NA,NA,NA
"323",4623111,23277328,5.7,"T0",1,1,"NTHNGHR",NA,NA,NA
"324",4634033,23277329,5.7,"T0",1,1,"NTHNGHR",NA,NA,NA
"325",4625274,23277330,5.7,"T0",1,1,"HMN","1",NA,NA
"326",4624709,23277332,5.7,"T0",1,1,"NTHNGHR",NA,NA,NA
"327",4630906,23277333,5.7,"T0",1,1,"RBBT","1",NA,NA
"328",4625411,23277334,5.7,"T0",1,1,"NTHNGHR",NA,NA,NA
"329",4623916,23277337,5.7,"T0",1,1,"NTHNGHR",NA,NA,NA
"330",4643207,23277340,5.7,"T0",1,1,"NTHNGHR",NA,NA,NA
"331",4627524,23277341,5.7,"T0",1,1,"NTHNGHR",NA,NA,NA
"332",4625023,23277342,5.7,"T0",1,1,"SQRRLGR","1",NA,NA
"333",4629187,23277345,5.7,"T0",1,1,"NTHNGHR",NA,NA,NA
"334",4640877,23277346,5.7,"T0",1,1,"NTHNGHR",NA,NA,NA
"335",4635819,23277347,5.7,"T0",1,1,"NTHNGHR",NA,NA,NA
"336",4640556,23277349,5.7,"T0",1,1,"NTHNGHR",NA,NA,NA
"337",4643239,23277350,5.7,"T0",1,1,"NTHNGHR",NA,NA,NA
"338",4625370,23277351,5.7,"T0",1,1,"FXGR","1",NA,NA
"339",4636172,23277352,5.7,"T0",1,1,"CT","1",NA,NA
"340",4620211,23277354,5.7,"T0",1,1,"NTHNGHR",NA,NA,NA
"341",4634940,23277356,5.7,"T0",1,1,"HMN","1",NA,NA
"342",4641844,23277358,5.7,"T0",1,1,"NTHNGHR",NA,NA,NA
"343",4627019,23277360,5.7,"T0",1,1,"NTHNGHR",NA,NA,NA
"344",4631127,23277361,5.7,"T0",1,1,"NTHNGHR",NA,NA,NA
"345",4647129,23277363,5.7,"T0",1,1,"NTHNGHR",NA,NA,NA
"346",4621631,23277364,5.7,"T0",1,1,"SQRRLGR","1",NA,NA
"347",3492674,23277365,5.7,"T0",1,1,"CTDMSTC","1",NA,NA
"348",4639251,23277366,5.7,"T0",1,1,"NTHNGHR",NA,NA,NA
"349",4626077,23277369,5.7,"T0",1,1,"RCCN","1",NA,NA
"350",4634750,23277370,5.7,"T0",1,1,"NTHNGHR",NA,NA,NA
"351",4625721,23277375,5.7,"T0",1,1,"NTHNGHR",NA,NA,NA
"352",4628848,23277379,5.7,"T0",1,1,"NTHNGHR",NA,NA,NA
"353",4640243,23277380,5.7,"T0",1,1,"NTHNGHR",NA,NA,NA
"354",4622584,23277381,5.7,"T0",2,1,"HMN","1",NA,NA
"355",4622584,23277381,5.7,"T0",2,2,"DGDMSTC","1",NA,NA
"356",4630287,23277384,5.7,"T0",1,1,"DGDMSTC","1",NA,NA
"357",4622432,23277386,5.7,"T0",1,1,"NTHNGHR",NA,NA,NA
"358",4622862,23277389,5.7,"T0",1,1,"NTHNGHR",NA,NA,NA
"359",4640515,23277391,5.7,"T0",1,1,"NTHNGHR",NA,NA,NA
"360",4636098,23277392,5.7,"T0",1,1,"BRD","3",NA,NA
"361",4628925,23277393,5.7,"T0",1,1,"NTHNGHR",NA,NA,NA
"362",4619221,23277397,5.7,"T0",1,1,"RCCN","1",NA,NA
"363",4622476,23277398,5.7,"T0",1,1,"TRSQRRLBWMG","1",NA,NA
"364",4628695,23277399,5.7,"T0",1,1,"NTHNGHR",NA,NA,NA
"365",4627979,23277401,5.7,"T0",1,1,"NTHNGHR",NA,NA,NA
"366",4640539,23277404,5.7,"T0",1,1,"NTHNGHR",NA,NA,NA
"367",4645677,23277405,5.7,"T0",1,1,"NTHNGHR",NA,NA,NA
"368",4627012,23277407,5.7,"T0",1,1,"NTHNGHR",NA,NA,NA
"369",4637222,23277408,5.7,"T0",1,1,"NTHNGHR",NA,NA,NA
"370",4619006,23277409,5.7,"T0",1,1,"NTHNGHR",NA,NA,NA
"371",4642863,23277411,5.7,"T0",1,1,"NTHNGHR",NA,NA,NA
"372",4642680,23277413,5.7,"T0",1,1,"NTHNGHR",NA,NA,NA
"373",4627781,23277417,5.7,"T0",1,1,"NTHNGHR",NA,NA,NA
"374",4630092,23277418,5.7,"T0",1,1,"NTHNGHR",NA,NA,NA
"375",4623902,23277419,5.7,"T0",1,1,"NTHNGHR",NA,NA,NA
"376",4622701,23277423,5.7,"T0",1,1,"NTHNGHR",NA,NA,NA
"377",4642160,23277424,5.7,"T0",1,1,"RCCN","1",NA,NA
"378",4634093,23277426,5.7,"T0",1,1,"NTHNGHR",NA,NA,NA
"379",4628803,23277427,5.7,"T0",1,1,"NTHNGHR",NA,NA,NA
"380",4626786,23277428,5.7,"T0",1,1,"NTHNGHR",NA,NA,NA
"381",4640420,23277430,5.7,"T0",1,1,"NTHNGHR",NA,NA,NA
"382",4633230,23277431,5.7,"T0",1,1,"NTHNGHR",NA,NA,NA
"383",4642863,23277432,5.7,"T0",1,1,"NTHNGHR",NA,NA,NA
"384",4629564,23277436,5.7,"T0",1,1,"RBBT","1",NA,NA
"385",4637683,23277438,5.7,"T0",1,1,"NTHNGHR",NA,NA,NA
"386",4621989,23277439,5.7,"T0",1,1,"RCCN","1",NA,NA
"387",4648215,23277440,5.7,"T0",1,1,"NTHNGHR",NA,NA,NA
"388",4641090,23277441,5.7,"T0",1,1,"NTHNGHR",NA,NA,NA
"389",4628934,23277444,5.7,"T0",1,1,"RCCN","1",NA,NA
"390",4626274,23277445,5.7,"T0",1,1,"NTHNGHR",NA,NA,NA
"391",4624129,23277447,5.7,"T0",1,1,"NTHNGHR",NA,NA,NA
"392",4643495,23277454,5.7,"T0",1,1,"NTHNGHR",NA,NA,NA
"393",4631900,23277459,5.7,"T0",1,1,"NTHNGHR",NA,NA,NA
"394",4620952,23277460,5.7,"T0",1,1,"NTHNGHR",NA,NA,NA
"395",4622329,23277461,5.7,"T0",1,1,"RCCN","1",NA,NA
"396",4619740,23277464,5.7,"T0",1,1,"NTHNGHR",NA,NA,NA
"397",4630480,23277465,5.7,"T0",1,1,"NTHNGHR",NA,NA,NA
"398",4631877,23277469,5.7,"T0",1,1,"NTHNGHR",NA,NA,NA
"399",4643592,23277471,5.7,"T0",1,1,"HMN","1",NA,NA
"400",4629756,23277472,5.7,"T0",1,1,"NTHNGHR",NA,NA,NA
"401",4625840,23277473,5.7,"T0",1,1,"NTHNGHR",NA,NA,NA
"402",4635390,23277474,5.7,"T0",1,1,"NTHNGHR",NA,NA,NA
"403",4641686,23277476,5.7,"T0",1,1,"RCCN","1",NA,NA
"404",4643251,23277477,5.7,"T0",1,1,"NTHNGHR",NA,NA,NA
"405",4635097,23277479,5.7,"T0",1,1,"NTHNGHR",NA,NA,NA
"406",4630431,23277482,5.7,"T0",1,1,"NTHNGHR",NA,NA,NA
"407",4643235,23277485,5.7,"T0",1,1,"NTHNGHR",NA,NA,NA
"408",4648207,23277487,5.7,"T0",1,1,"NTHNGHR",NA,NA,NA
"409",4629601,23277488,5.7,"T0",1,1,"DGDMSTC","1",NA,NA
"410",3492657,23277489,5.7,"T0",1,1,"SQRRLFX","1",NA,NA
"411",4627938,23277491,5.7,"T0",1,1,"NTHNGHR",NA,NA,NA
"412",4642401,23277493,5.7,"T0",1,1,"NTHNGHR",NA,NA,NA
"413",4641460,23277496,5.7,"T0",1,1,"NTHNGHR",NA,NA,NA
"414",4629495,23277497,5.7,"T0",1,1,"NTHNGHR",NA,NA,NA
"415",4646811,23277498,5.7,"T0",1,1,"NTHNGHR",NA,NA,NA
"416",4628695,23277500,5.7,"T0",1,1,"NTHNGHR",NA,NA,NA
"417",4639290,23277502,5.7,"T0",1,1,"NTHNGHR",NA,NA,NA
"418",4638423,23277503,5.7,"T0",1,1,"NTHNGHR",NA,NA,NA
"419",4626854,23277504,5.7,"T0",1,1,"NTHNGHR",NA,NA,NA
"420",4638504,23277506,5.7,"T0",1,1,"NTHNGHR",NA,NA,NA
"421",4627664,23277508,5.7,"T0",1,1,"NTHNGHR",NA,NA,NA
"422",4618730,23277511,5.7,"T0",1,1,"RCCN","1",NA,NA
"423",4623450,23277512,5.7,"T0",1,1,"NTHNGHR",NA,NA,NA
"424",4628470,23277514,5.7,"T0",1,1,"NTHNGHR",NA,NA,NA
"425",4632981,23277518,5.7,"T0",1,1,"NTHNGHR",NA,NA,NA
"426",4641151,23277519,5.7,"T0",1,1,"NTHNGHR",NA,NA,NA
"427",4630190,23277521,5.7,"T0",1,1,"NTHNGHR",NA,NA,NA
"428",4623311,23277523,5.7,"T0",1,1,"NTHNGHR",NA,NA,NA
"429",4635823,23277524,5.7,"T0",1,1,"NTHNGHR",NA,NA,NA
"430",4628873,23277526,5.7,"T0",1,1,"NTHNGHR",NA,NA,NA
"431",4635954,23277528,5.7,"T0",1,1,"NTHNGHR",NA,NA,NA
"432",4658915,23277532,5.7,"T0",1,1,"NTHNGHR",NA,NA,NA
"433",4637673,23277533,5.7,"T0",1,1,"NTHNGHR",NA,NA,NA
"434",4637645,23277534,5.7,"T0",1,1,"NTHNGHR",NA,NA,NA
"435",4620449,23277535,5.7,"T0",1,1,"NTHNGHR",NA,NA,NA
"436",4632167,23277537,5.7,"T0",1,1,"NTHNGHR",NA,NA,NA
"437",4620112,23277541,5.7,"T0",1,1,"NTHNGHR",NA,NA,NA
"438",4639310,23277542,5.7,"T0",1,1,"NTHNGHR",NA,NA,NA
"439",4626024,23277545,5.7,"T0",1,1,"HMN","1",NA,NA
"440",4643432,23277546,5.7,"T0",1,1,"NTHNGHR",NA,NA,NA
"441",4637673,23277550,5.7,"T0",1,1,"NTHNGHR",NA,NA,NA
"442",4624429,23277551,5.7,"T0",1,1,"NTHNGHR",NA,NA,NA
"443",4646587,23277552,5.7,"T0",1,1,"HMN","1",NA,NA
"444",4645382,23277553,5.7,"T0",1,1,"DR","1",NA,NA
"445",4645947,23277555,5.7,"T0",1,1,"NTHNGHR",NA,NA,NA
"446",4634833,23277556,5.7,"T0",1,1,"NTHNGHR",NA,NA,NA
"447",4621849,23277561,5.7,"T0",1,1,"NTHNGHR",NA,NA,NA
"448",4634884,23277565,5.7,"T0",1,1,"SQRRLGR","1",NA,NA
"449",4625793,23277567,5.7,"T0",1,1,"NTHNGHR",NA,NA,NA
"450",4624848,23277570,5.7,"T0",1,1,"NTHNGHR",NA,NA,NA
"451",4646409,23277571,5.7,"T0",1,1,"NTHNGHR",NA,NA,NA
"452",4635916,23277574,5.7,"T0",1,1,"NTHNGHR",NA,NA,NA
"453",4646064,23277576,5.7,"T0",1,1,"NTHNGHR",NA,NA,NA
"454",4647165,23277577,5.7,"T0",1,1,"NTHNGHR",NA,NA,NA
"455",4640409,23277580,5.7,"T0",1,1,"NTHNGHR",NA,NA,NA
"456",4645025,23277582,5.7,"T0",1,1,"DR","4",NA,NA
"457",4643971,23277584,5.7,"T0",2,1,"NTHNGHR",NA,NA,NA
"458",4643971,23277584,5.7,"T0",2,2,"NTHNGHR",NA,NA,NA
"459",4637975,23277587,5.7,"T0",1,1,"NTHNGHR",NA,NA,NA
"460",4620380,23277589,5.7,"T0",1,1,"NTHNGHR",NA,NA,NA
"461",4647544,23277590,5.7,"T0",1,1,"NTHNGHR",NA,NA,NA
"462",4620541,23277591,5.7,"T0",1,1,"NTHNGHR",NA,NA,NA
"463",4635504,23277595,5.7,"T0",1,1,"NTHNGHR",NA,NA,NA
"464",4626559,23277596,5.7,"T0",1,1,"NTHNGHR",NA,NA,NA
"465",4637423,23277601,5.7,"T0",1,1,"NTHNGHR",NA,NA,NA
"466",4646214,23277602,5.7,"T0",1,1,"NTHNGHR",NA,NA,NA
"467",4626150,23277603,5.7,"T0",1,1,"HMN","1",NA,NA
"468",4626150,23277604,5.7,"T0",1,1,"HMN","1",NA,NA
"469",4637614,23277605,5.7,"T0",1,1,"NTHNGHR",NA,NA,NA
"470",4625538,23277608,5.7,"T0",1,1,"NTHNGHR",NA,NA,NA
"471",4638756,23277613,5.7,"T0",1,1,"NTHNGHR",NA,NA,NA
"472",4624911,23277614,5.7,"T0",1,1,"NTHNGHR",NA,NA,NA
"473",4630336,23277615,5.7,"T0",1,1,"HMN","1",NA,NA
"474",4619757,23277616,5.7,"T0",1,1,"NTHNGHR",NA,NA,NA
"475",4622379,23277617,5.7,"T0",1,1,"SQRRLFX","1",NA,NA
"476",4620449,23277618,5.7,"T0",1,1,"NTHNGHR",NA,NA,NA
"477",4626670,23277621,5.7,"T0",1,1,"NTHNGHR",NA,NA,NA
"478",4647934,23277622,5.7,"T0",1,1,"DR","1",NA,NA
"479",4638907,23277623,5.7,"T0",1,1,"SQRRLGR","1",NA,NA
"480",4638484,23277624,5.7,"T0",1,1,"NTHNGHR",NA,NA,NA
"481",4628024,23277625,5.7,"T0",1,1,"NTHNGHR",NA,NA,NA
"482",4634217,23277626,5.7,"T0",1,1,"NTHNGHR",NA,NA,NA
"483",4622218,23277628,5.7,"T0",1,1,"NTHNGHR",NA,NA,NA
"484",4637468,23277629,5.7,"T0",1,1,"NTHNGHR",NA,NA,NA
"485",4644293,23277632,5.7,"T0",1,1,"NTHNGHR",NA,NA,NA
"486",4647594,23277634,5.7,"T0",1,1,"NTHNGHR",NA,NA,NA
"487",4646335,23277635,5.7,"T0",1,1,"NTHNGHR",NA,NA,NA
"488",4632107,23277637,5.7,"T0",1,1,"NTHNGHR",NA,NA,NA
"489",4637174,23277638,5.7,"T0",1,1,"NTHNGHR",NA,NA,NA
"490",4643735,23277643,5.7,"T0",1,1,"NTHNGHR",NA,NA,NA
"491",4643310,23277644,5.7,"T0",1,1,"NTHNGHR",NA,NA,NA
"492",4644091,23277647,5.7,"T0",1,1,"NTHNGHR",NA,NA,NA
"493",4646649,23277648,5.7,"T0",1,1,"BRD","1",NA,NA
"494",4619746,23277653,5.7,"T0",1,1,"HMN","1",NA,NA
"495",4629056,23277654,5.7,"T0",1,1,"NTHNGHR",NA,NA,NA
"496",4620538,23277655,5.7,"T0",1,1,"NTHNGHR",NA,NA,NA
"497",4646073,23277657,5.7,"T0",1,1,"NTHNGHR",NA,NA,NA
"498",4620344,23277659,5.7,"T0",1,1,"NTHNGHR",NA,NA,NA
"499",4633014,23277660,5.7,"T0",1,1,"SKNK","1",NA,NA
"500",4620513,23277662,5.7,"T0",1,1,"NTHNGHR",NA,NA,NA
"501",4631778,23277663,5.7,"T0",1,1,"NTHNGHR",NA,NA,NA
"502",4634693,23277667,5.7,"T0",1,1,"NTHNGHR",NA,NA,NA
"503",4646333,23277670,5.7,"T0",1,1,"NTHNGHR",NA,NA,NA
"504",4627979,23277671,5.7,"T0",1,1,"NTHNGHR",NA,NA,NA
"505",4622066,23277675,5.7,"T0",1,1,"NTHNGHR",NA,NA,NA
"506",4623219,23277678,5.7,"T0",1,1,"NTHNGHR",NA,NA,NA
"507",4639834,23277680,5.7,"T0",1,1,"NTHNGHR",NA,NA,NA
"508",4641285,23277681,5.7,"T0",1,1,"NTHNGHR",NA,NA,NA
"509",4639211,23277682,5.7,"T0",1,1,"PSSM","1",NA,NA
"510",4629089,23277683,5.7,"T0",1,1,"NTHNGHR",NA,NA,NA
"511",4647488,23277684,5.7,"T0",1,1,"NTHNGHR",NA,NA,NA
"512",4646463,23277687,5.7,"T0",1,1,"NTHNGHR",NA,NA,NA
"513",4623504,23277688,5.7,"T0",1,1,"NTHNGHR",NA,NA,NA
"514",4618729,23277692,5.7,"T0",1,1,"NTHNGHR",NA,NA,NA
"515",4642842,23277693,5.7,"T0",1,1,"NTHNGHR",NA,NA,NA
"516",4641349,23277694,5.7,"T0",1,1,"NTHNGHR",NA,NA,NA
"517",4629564,23277695,5.7,"T0",1,1,"RBBT","1",NA,NA
"518",4641582,23277697,5.7,"T0",1,1,"NTHNGHR",NA,NA,NA
"519",4634719,23277698,5.7,"T0",1,1,"NTHNGHR",NA,NA,NA
"520",4619826,23277700,5.7,"T0",1,1,"NTHNGHR",NA,NA,NA
"521",4644585,23277701,5.7,"T0",1,1,"SQRRLGR","1",NA,NA
"522",4644971,23277702,5.7,"T0",1,1,"SQRRLFX","1",NA,NA
"523",4646663,23277704,5.7,"T0",1,1,"NTHNGHR",NA,NA,NA
"524",4629039,23277705,5.7,"T0",1,1,"NTHNGHR",NA,NA,NA
"525",4644083,23277706,5.7,"T0",1,1,"NTHNGHR",NA,NA,NA
"526",4624701,23277708,5.7,"T0",1,1,"NTHNGHR",NA,NA,NA
"527",4628740,23277710,5.7,"T0",1,1,"NTHNGHR",NA,NA,NA
"528",4632582,23277712,5.7,"T0",1,1,"NTHNGHR",NA,NA,NA
"529",4638611,23277713,5.7,"T0",1,1,"NTHNGHR",NA,NA,NA
"530",4630288,23277717,5.7,"T0",1,1,"NTHNGHR",NA,NA,NA
"531",4632274,23277719,5.7,"T0",1,1,"NTHNGHR",NA,NA,NA
"532",4622467,23277720,5.7,"T0",1,1,"SQRRLGR","1",NA,NA
"533",4627114,23277722,5.7,"T0",1,1,"NTHNGHR",NA,NA,NA
"534",4638237,23277725,5.7,"T0",1,1,"NTHNGHR",NA,NA,NA
"535",4648316,23277728,5.7,"T0",1,1,"NTHNGHR",NA,NA,NA
"536",4644631,23277730,5.7,"T0",1,1,"NTHNGHR",NA,NA,NA
"537",4642509,23277732,5.7,"T0",1,1,"DGDMSTC","1",NA,NA
"538",4620618,23277734,5.7,"T0",1,1,"NTHNGHR",NA,NA,NA
"539",4626437,23277737,5.7,"T0",1,1,"NTHNGHR",NA,NA,NA
"540",4646905,23277738,5.7,"T0",2,1,"NTHNGHR",NA,NA,NA
"541",4646905,23277738,5.7,"T0",2,2,"NTHNGHR",NA,NA,NA
"542",4618593,23277739,5.7,"T0",1,1,"RCCN","1",NA,NA
"543",4639251,23277740,5.7,"T0",1,1,"NTHNGHR",NA,NA,NA
"544",4640770,23277744,5.7,"T0",1,1,"NTHNGHR",NA,NA,NA
"545",4623883,23277745,5.7,"T0",1,1,"NTHNGHR",NA,NA,NA
"546",4642566,23277747,5.7,"T0",1,1,"NTHNGHR",NA,NA,NA
"547",4638599,23277748,5.7,"T0",1,1,"NTHNGHR",NA,NA,NA
"548",4620894,23277750,5.7,"T0",1,1,"NTHNGHR",NA,NA,NA
"549",4625612,23277754,5.7,"T0",1,1,"NTHNGHR",NA,NA,NA
"550",4636664,23277755,5.7,"T0",1,1,"NTHNGHR",NA,NA,NA
"551",4625166,23277757,5.7,"T0",1,1,"HMN","1",NA,NA
"552",4629495,23277758,5.7,"T0",1,1,"RBBT","1",NA,NA
"553",4624862,23277760,5.7,"T0",1,1,"NTHNGHR",NA,NA,NA
"554",4631941,23277762,5.7,"T0",1,1,"NTHNGHR",NA,NA,NA
"555",4635164,23277766,5.7,"T0",1,1,"NTHNGHR",NA,NA,NA
"556",4626800,23277767,5.7,"T0",1,1,"NTHNGHR",NA,NA,NA
"557",4643239,23277769,5.7,"T0",1,1,"NTHNGHR",NA,NA,NA
"558",4627484,23277770,5.7,"T0",1,1,"NTHNGHR",NA,NA,NA
"559",4626433,23277774,5.7,"T0",1,1,"NTHNGHR",NA,NA,NA
"560",4645090,23277776,5.7,"T0",1,1,"NTHNGHR",NA,NA,NA
"561",4643696,23277777,5.7,"T0",1,1,"NTHNGHR",NA,NA,NA
"562",4636764,23277780,5.7,"T0",1,1,"NTHNGHR",NA,NA,NA
"563",4620880,23277784,5.7,"T0",1,1,"NTHNGHR",NA,NA,NA
"564",4621249,23277788,5.7,"T0",1,1,"BRD","1",NA,NA
"565",4631435,23277789,5.7,"T0",1,1,"SQRRLFX","1",NA,NA
"566",4619999,23277793,5.7,"T0",1,1,"DGDMSTC","1",NA,NA
"567",4658687,23277795,5.7,"T0",1,1,"NTHNGHR",NA,NA,NA
"568",4619602,23277796,5.7,"T0",1,1,"NTHNGHR",NA,NA,NA
"569",4646943,23277799,5.7,"T0",1,1,"NTHNGHR",NA,NA,NA
"570",4619777,23277803,5.7,"T0",1,1,"NTHNGHR",NA,NA,NA
"571",4642269,23277804,5.7,"T0",1,1,"NTHNGHR",NA,NA,NA
"572",4634510,23277807,5.7,"T0",1,1,"NTHNGHR",NA,NA,NA
"573",4633898,23277812,5.7,"T0",1,1,"NTHNGHR",NA,NA,NA
"574",4630219,23277814,5.7,"T0",1,1,"NTHNGHR",NA,NA,NA
"575",4639787,23277817,5.7,"T0",1,1,"NTHNGHR",NA,NA,NA
"576",4644191,23277818,5.7,"T0",1,1,"NTHNGHR",NA,NA,NA
"577",4638540,23277824,5.7,"T0",1,1,"NTHNGHR",NA,NA,NA
"578",4628239,23277825,5.7,"T0",1,1,"NTHNGHR",NA,NA,NA
"579",4619492,23277829,5.7,"T0",1,1,"NTHNGHR",NA,NA,NA
"580",4641612,23277833,5.7,"T0",1,1,"NTHNGHR",NA,NA,NA
"581",4620880,23277834,5.7,"T0",1,1,"NTHNGHR",NA,NA,NA
"582",4641330,23277835,5.7,"T0",1,1,"NTHNGHR",NA,NA,NA
"583",4645676,23277839,5.7,"T0",1,1,"NTHNGHR",NA,NA,NA
"584",4646876,23277843,5.7,"T0",1,1,"NTHNGHR",NA,NA,NA
"585",4625112,23277847,5.7,"T0",1,1,"HMN","1",NA,NA
"586",4640243,23277848,5.7,"T0",1,1,"NTHNGHR",NA,NA,NA
"587",4636166,23277850,5.7,"T0",1,1,"CT","1",NA,NA
"588",4624862,23277852,5.7,"T0",1,1,"NTHNGHR",NA,NA,NA
"589",4632559,23277857,5.7,"T0",1,1,"NTHNGHR",NA,NA,NA
"590",4636804,23277860,5.7,"T0",1,1,"NTHNGHR",NA,NA,NA
"591",4621785,23277862,5.7,"T0",1,1,"NTHNGHR",NA,NA,NA
"592",4620407,23277863,5.7,"T0",1,1,"NTHNGHR",NA,NA,NA
"593",4619153,23277865,5.7,"T0",1,1,"NTHNGHR",NA,NA,NA
"594",4621353,23277868,5.7,"T0",1,1,"HMN","1",NA,NA
"595",4626348,23277869,5.7,"T0",1,1,"NTHNGHR",NA,NA,NA
"596",4646582,23277873,5.7,"T0",1,1,"NTHNGHR",NA,NA,NA
"597",3492799,23277874,5.7,"T0",1,1,"SQRRLFX","1",NA,NA
"598",4621453,23277876,5.7,"T0",1,1,"NTHNGHR",NA,NA,NA
"599",4642128,23277879,5.7,"T0",1,1,"NTHNGHR",NA,NA,NA
"600",4632134,23277887,5.7,"T0",1,1,"NTHNGHR",NA,NA,NA
"601",4641089,23277888,5.7,"T0",1,1,"NTHNGHR",NA,NA,NA
"602",4641622,23277890,5.7,"T0",1,1,"NTHNGHR",NA,NA,NA
"603",4622484,23277891,5.7,"T0",2,1,"NTHNGHR",NA,NA,NA
"604",4622484,23277891,5.7,"T0",2,2,"SQRRLGR","1",NA,NA
"605",4633094,23277892,5.7,"T0",1,1,"NTHNGHR",NA,NA,NA
"606",4641615,23277894,5.7,"T0",1,1,"NTHNGHR",NA,NA,NA
"607",4644325,23277897,5.7,"T0",1,1,"NTHNGHR",NA,NA,NA
"608",4620972,23277898,5.7,"T0",1,1,"NTHNGHR",NA,NA,NA
"609",4621883,23277901,5.7,"T0",1,1,"NTHNGHR",NA,NA,NA
"610",4635384,23277902,5.7,"T0",1,1,"NTHNGHR",NA,NA,NA
"611",4627196,23277904,5.7,"T0",1,1,"NTHNGHR",NA,NA,NA
"612",4646829,23277906,5.7,"T0",1,1,"NTHNGHR",NA,NA,NA
"613",4626150,23277908,5.7,"T0",1,1,"HMN","1",NA,NA
"614",4618708,23277910,5.7,"T0",1,1,"NTHNGHR",NA,NA,NA
"615",4618771,23277911,5.7,"T0",1,1,"NTHNGHR",NA,NA,NA
"616",4632981,23277913,5.7,"T0",1,1,"NTHNGHR",NA,NA,NA
"617",4631910,23277914,5.7,"T0",1,1,"NTHNGHR",NA,NA,NA
"618",4641637,23277917,5.7,"T0",1,1,"RCCN","1",NA,NA
"619",4641953,23277918,5.7,"T0",1,1,"NTHNGHR",NA,NA,NA
"620",4624779,23277919,5.7,"T0",1,1,"NTHNGHR",NA,NA,NA
"621",4625202,23277921,5.7,"T0",1,1,"HMN","1",NA,NA
"622",4624918,23277924,5.7,"T0",1,1,"NTHNGHR",NA,NA,NA
"623",4633796,23277925,5.7,"T0",1,1,"NTHNGHR",NA,NA,NA
"624",4625744,23277927,5.7,"T0",1,1,"HMN","2",NA,NA
"625",4647555,23277929,5.7,"T0",1,1,"NTHNGHR",NA,NA,NA
"626",4658915,23277930,5.7,"T0",1,1,"NTHNGHR",NA,NA,NA
"627",4629828,23277931,5.7,"T0",1,1,"SQRRLGR","1",NA,NA
"628",4624386,23277932,5.7,"T0",1,1,"NTHNGHR",NA,NA,NA
"629",4620541,23277940,5.7,"T0",1,1,"NTHNGHR",NA,NA,NA
"630",4638540,23277941,5.7,"T0",1,1,"NTHNGHR",NA,NA,NA
"631",4648368,23277945,5.7,"T0",1,1,"NTHNGHR",NA,NA,NA
"632",4640770,23277946,5.7,"T0",1,1,"NTHNGHR",NA,NA,NA
"633",4628202,23277947,5.7,"T0",1,1,"NTHNGHR",NA,NA,NA
"634",4643396,23277948,5.7,"T0",1,1,"NTHNGHR",NA,NA,NA
"635",4635679,23277950,5.7,"T0",1,1,"NTHNGHR",NA,NA,NA
"636",4619802,23277952,5.7,"T0",1,1,"NTHNGHR",NA,NA,NA
"637",4629819,23277953,5.7,"T0",1,1,"SQRRLGR","1",NA,NA
"638",4621044,23277954,5.7,"T0",1,1,"NTHNGHR",NA,NA,NA
"639",4642424,23277955,5.7,"T0",1,1,"NTHNGHR",NA,NA,NA
"640",4630616,23277956,5.7,"T0",1,1,"NTHNGHR",NA,NA,NA
"641",4631617,23277959,5.7,"T0",1,1,"NTHNGHR",NA,NA,NA
"642",4619826,23277962,5.7,"T0",1,1,"NTHNGHR",NA,NA,NA
"643",4619511,23277964,5.7,"T0",1,1,"HMN","1",NA,NA
"644",4628308,23277965,5.7,"T0",1,1,"NTHNGHR",NA,NA,NA
"645",4637459,23277969,5.7,"T0",1,1,"NTHNGHR",NA,NA,NA
"646",4646409,23277971,5.7,"T0",1,1,"NTHNGHR",NA,NA,NA
"647",4623464,23277972,5.7,"T0",1,1,"NTHNGHR",NA,NA,NA
"648",4642032,23277974,5.7,"T0",1,1,"NTHNGHR",NA,NA,NA
"649",4620911,23277975,5.7,"T0",1,1,"NTHNGHR",NA,NA,NA
"650",4618746,23277978,5.7,"T0",1,1,"NTHNGHR",NA,NA,NA
"651",4635853,23277980,5.7,"T0",1,1,"RCCN","1",NA,NA
"652",4625938,23277981,5.7,"T0",1,1,"RCCN","1",NA,NA
"653",4629828,23277983,5.7,"T0",1,1,"SQRRLGR","1",NA,NA
"654",4620872,23277984,5.7,"T0",1,1,"NTHNGHR",NA,NA,NA
"655",4628521,23277985,5.7,"T0",1,1,"NTHNGHR",NA,NA,NA
"656",4645080,23277987,5.7,"T0",1,1,"NTHNGHR",NA,NA,NA
"657",4627980,23277990,5.7,"T0",1,1,"NTHNGHR",NA,NA,NA
"658",4628312,23277991,5.7,"T0",1,1,"NTHNGHR",NA,NA,NA
"659",4630868,23277992,5.7,"T0",1,1,"NTHNGHR",NA,NA,NA
"660",4620920,23277994,5.7,"T0",1,1,"NTHNGHR",NA,NA,NA
"661",4646020,23277997,5.7,"T0",1,1,"NTHNGHR",NA,NA,NA
"662",4619280,23277998,5.7,"T0",1,1,"RCCN","1",NA,NA
"663",4643613,23278000,5.7,"T0",1,1,"HMN","2",NA,NA
"664",4618815,23278001,5.7,"T0",1,1,"NTHNGHR",NA,NA,NA
"665",4621871,23278002,5.7,"T0",1,1,"RCCN","1",NA,NA
"666",4633289,23278005,5.7,"T0",1,1,"HMN","1",NA,NA
"667",4647174,23278006,5.7,"T0",1,1,"NTHNGHR",NA,NA,NA
"668",4629125,23278007,5.7,"T0",1,1,"NTHNGHR",NA,NA,NA
"669",4640296,23278008,5.7,"T0",1,1,"NTHNGHR",NA,NA,NA
"670",4632324,23278009,5.7,"T0",1,1,"DR","1",NA,NA
"671",4643880,23278013,5.7,"T0",1,1,"NTHNGHR",NA,NA,NA
"672",4625416,23278014,5.7,"T0",1,1,"NTHNGHR",NA,NA,NA
"673",4621754,23278015,5.7,"T0",1,1,"FXGR","1",NA,NA
"674",4646865,23278016,5.7,"T0",1,1,"NTHNGHR",NA,NA,NA
"675",4635181,23278017,5.7,"T0",1,1,"NTHNGHR",NA,NA,NA
"676",4624515,23278020,5.7,"T0",1,1,"NTHNGHR",NA,NA,NA
"677",4631590,23278021,5.7,"T0",1,1,"DGDMSTC","1",NA,NA
"678",4631340,23278022,5.7,"T0",1,1,"SQRRLGR","1",NA,NA
"679",4636172,23278024,5.7,"T0",1,1,"CT","1",NA,NA
"680",4619886,23278025,5.7,"T0",1,1,"NTHNGHR",NA,NA,NA
"681",4640316,23278026,5.7,"T0",1,1,"NTHNGHR",NA,NA,NA
"682",4648550,23278028,5.7,"T0",1,1,"DR","2",NA,NA
"683",4623231,23278029,5.7,"T0",1,1,"NTHNGHR",NA,NA,NA
"684",4629030,23278031,5.7,"T0",1,1,"NTHNGHR",NA,NA,NA
"685",4626429,23278033,5.7,"T0",1,1,"NTHNGHR",NA,NA,NA
"686",4642234,23278034,5.7,"T0",1,1,"NTHNGHR",NA,NA,NA
"687",4621845,23278036,5.7,"T0",1,1,"RCCN","1",NA,NA
"688",4641982,23278037,5.7,"T0",1,1,"RBBT","1",NA,NA
"689",4638530,23278038,5.7,"T0",1,1,"NTHNGHR",NA,NA,NA
"690",4622820,23278041,5.7,"T0",1,1,"NTHNGHR",NA,NA,NA
"691",4624911,23278043,5.7,"T0",1,1,"NTHNGHR",NA,NA,NA
"692",4642090,23278044,5.7,"T0",1,1,"NTHNGHR",NA,NA,NA
"693",4636492,23278045,5.7,"T0",1,1,"NTHNGHR",NA,NA,NA
"694",4658886,23278047,5.7,"T0",1,1,"NTHNGHR",NA,NA,NA
"695",4625938,23278051,5.7,"T0",1,1,"RCCN","1",NA,NA
"696",4624208,23278052,5.7,"T0",1,1,"NTHNGHR",NA,NA,NA
"697",4619660,23278055,5.7,"T0",1,1,"HMN","1",NA,NA
"698",4628894,23278057,5.7,"T0",1,1,"SQRRLFX","1",NA,NA
"699",4633032,23278058,5.7,"T0",2,1,"DR","2",NA,NA
"700",4633032,23278058,5.7,"T0",2,2,"BVR","1",NA,NA
"701",4627229,23278061,5.7,"T0",1,1,"NTHNGHR",NA,NA,NA
"702",4634217,23278063,5.7,"T0",1,1,"NTHNGHR",NA,NA,NA
"703",4624739,23278064,5.7,"T0",1,1,"NTHNGHR",NA,NA,NA
"704",4637789,23278065,5.7,"T0",1,1,"NTHNGHR",NA,NA,NA
"705",4622539,23278066,5.7,"T0",1,1,"NTHNGHR",NA,NA,NA
"706",4630085,23278069,5.7,"T0",1,1,"NTHNGHR",NA,NA,NA
"707",4640734,23278071,5.7,"T0",1,1,"NTHNGHR",NA,NA,NA
"708",4634498,23278072,5.7,"T0",1,1,"NTHNGHR",NA,NA,NA
"709",4643393,23278073,5.7,"T0",1,1,"NTHNGHR",NA,NA,NA
"710",4627643,23278077,5.7,"T0",1,1,"NTHNGHR",NA,NA,NA
"711",4658651,23278078,5.7,"T0",1,1,"NTHNGHR",NA,NA,NA
"712",4630649,23278080,5.7,"T0",2,1,"HMN","1",NA,NA
"713",4630649,23278080,5.7,"T0",2,2,"DGDMSTC","1",NA,NA
"714",4625612,23278081,5.7,"T0",1,1,"NTHNGHR",NA,NA,NA
"715",4637963,23278085,5.7,"T0",1,1,"NTHNGHR",NA,NA,NA
"716",4638611,23278086,5.7,"T0",1,1,"NTHNGHR",NA,NA,NA
"717",4634126,23278087,5.7,"T0",1,1,"NTHNGHR",NA,NA,NA
"718",4634991,23278091,5.7,"T0",1,1,"NTHNGHR",NA,NA,NA
"719",4638611,23278094,5.7,"T0",1,1,"NTHNGHR",NA,NA,NA
"720",4642495,23278095,5.7,"T0",1,1,"NTHNGHR",NA,NA,NA
"721",4637888,23278096,5.7,"T0",1,1,"NTHNGHR",NA,NA,NA
"722",4627286,23278099,5.7,"T0",1,1,"NTHNGHR",NA,NA,NA
"723",4630616,23278100,5.7,"T0",1,1,"NTHNGHR",NA,NA,NA
"724",4645698,23278101,5.7,"T0",1,1,"NTHNGHR",NA,NA,NA
"725",4629533,23278102,5.7,"T0",1,1,"NTHNGHR",NA,NA,NA
"726",4634766,23278105,5.7,"T0",1,1,"NTHNGHR",NA,NA,NA
"727",4647555,23278107,5.7,"T0",1,1,"NTHNGHR",NA,NA,NA
"728",4638278,23278108,5.7,"T0",1,1,"NTHNGHR",NA,NA,NA
"729",4647494,23278109,5.7,"T0",1,1,"NTHNGHR",NA,NA,NA
"730",4647139,23278111,5.7,"T0",1,1,"NTHNGHR",NA,NA,NA
"731",4627473,23278114,5.7,"T0",1,1,"NTHNGHR",NA,NA,NA
"732",4641861,23278115,5.7,"T0",1,1,"NTHNGHR",NA,NA,NA
"733",4628880,23278116,5.7,"T0",1,1,"NTHNGHR",NA,NA,NA
"734",4621750,23278117,5.7,"T0",1,1,"RCCN","1",NA,NA
"735",3492626,23278120,5.7,"T0",1,1,"CT","1",NA,NA
"736",4630131,23278121,5.7,"T0",1,1,"NTHNGHR",NA,NA,NA
"737",4629843,23278122,5.7,"T0",1,1,"SQRRLGR","1",NA,NA
"738",4634106,23278124,5.7,"T0",1,1,"NTHNGHR",NA,NA,NA
"739",4623157,23278126,5.7,"T0",1,1,"NTHNGHR",NA,NA,NA
"740",4620112,23278127,5.7,"T0",1,1,"DGDMSTC","1",NA,NA
"741",4622820,23278128,5.7,"T0",1,1,"NTHNGHR",NA,NA,NA
"742",4643034,23278132,5.7,"T0",1,1,"NTHNGHR",NA,NA,NA
"743",4647395,23278133,5.7,"T0",1,1,"NTHNGHR",NA,NA,NA
"744",4626355,23278135,5.7,"T0",1,1,"SQRRLGR","1",NA,NA
"745",4633374,23278136,5.7,"T0",1,1,"NTHNGHR",NA,NA,NA
"746",4624153,23278137,5.7,"T0",1,1,"NTHNGHR",NA,NA,NA
"747",3492799,23278139,5.7,"T0",1,1,"SQRRLGR","1",NA,NA
"748",4620884,23278140,5.7,"T0",1,1,"NTHNGHR",NA,NA,NA
"749",4647377,23278141,5.7,"T0",1,1,"NTHNGHR",NA,NA,NA
"750",4623891,23278142,5.7,"T0",1,1,"NTHNGHR",NA,NA,NA
"751",4623891,23278143,5.7,"T0",1,1,"NTHNGHR",NA,NA,NA
"752",4643207,23278144,5.7,"T0",1,1,"NTHNGHR",NA,NA,NA
"753",4638640,23278146,5.7,"T0",1,1,"NTHNGHR",NA,NA,NA
"754",4646891,23278147,5.7,"T0",1,1,"NTHNGHR",NA,NA,NA
"755",4621054,23278148,5.7,"T0",1,1,"NTHNGHR",NA,NA,NA
"756",4626800,23278149,5.7,"T0",1,1,"NTHNGHR",NA,NA,NA
"757",4641946,23278150,5.7,"T0",1,1,"NTHNGHR",NA,NA,NA
"758",4647640,23278151,5.7,"T0",1,1,"NTHNGHR",NA,NA,NA
"759",4645778,23278152,5.7,"T0",1,1,"NTHNGHR",NA,NA,NA
"760",4618981,23278153,5.7,"T0",1,1,"RCCN","1",NA,NA
"761",4625166,23278154,5.7,"T0",1,1,"HMN","1",NA,NA
"762",4624848,23278155,5.7,"T0",1,1,"NTHNGHR",NA,NA,NA
"763",4636240,23278156,5.7,"T0",1,1,"RCCN","1",NA,NA
"764",4635181,23278157,5.7,"T0",1,1,"NTHNGHR",NA,NA,NA
"765",4631137,23278158,5.7,"T0",1,1,"RCCN","1",NA,NA
"766",4646668,23278160,5.7,"T0",1,1,"SQRRLFX","1",NA,NA
"767",4632130,23278161,5.7,"T0",1,1,"NTHNGHR",NA,NA,NA
"768",4658419,23278163,5.7,"T0",1,1,"NTHNGHR",NA,NA,NA
"769",4638064,23278166,5.7,"T0",1,1,"NTHNGHR",NA,NA,NA
"770",4648021,23278167,5.7,"T0",1,1,"RBBT","1",NA,NA
"771",4642236,23278168,5.7,"T0",1,1,"NTHNGHR",NA,NA,NA
"772",4620047,23278169,5.7,"T0",1,1,"RBBT","1",NA,NA
"773",4630157,23278170,5.7,"T0",1,1,"NTHNGHR",NA,NA,NA
"774",4630786,23278171,5.7,"T0",2,1,"DGDMSTC","1",NA,NA
"775",4630786,23278171,5.7,"T0",2,2,"HMN","1",NA,NA
"776",4639603,23278173,5.7,"T0",1,1,"NTHNGHR",NA,NA,NA
"777",4622315,23278175,5.7,"T0",1,1,"RCCN","1",NA,NA
"778",4629840,23278177,5.7,"T0",1,1,"NTHNGHR",NA,NA,NA
"779",4629187,23278178,5.7,"T0",1,1,"NTHNGHR",NA,NA,NA
"780",4638784,23278180,5.7,"T0",1,1,"NTHNGHR",NA,NA,NA
"781",4622379,23278183,5.7,"T0",1,1,"SQRRLGR","1",NA,NA
"782",4643034,23278184,5.7,"T0",1,1,"NTHNGHR",NA,NA,NA
"783",4644850,23278185,5.7,"T0",1,1,"NTHNGHR",NA,NA,NA
"784",4637357,23278188,5.7,"T0",1,1,"NTHNGHR",NA,NA,NA
"785",4624931,23278189,5.7,"T0",1,1,"NTHNGHR",NA,NA,NA
"786",4628539,23278190,5.7,"T0",1,1,"NTHNGHR",NA,NA,NA
"787",4639754,23278195,5.7,"T0",1,1,"NTHNGHR",NA,NA,NA
"788",4635253,23278196,5.7,"T0",1,1,"SQRRLGR","1",NA,NA
"789",4648296,23278197,5.7,"T0",1,1,"NTHNGHR",NA,NA,NA
"790",4644174,23278198,5.7,"T0",1,1,"NTHNGHR",NA,NA,NA
"791",4637810,23278200,5.7,"T0",1,1,"NTHNGHR",NA,NA,NA
"792",4630445,23278202,5.7,"T0",3,1,"DGDMSTC","1",NA,NA
"793",4630445,23278202,5.7,"T0",3,2,"HMN","1",NA,NA
"794",4630445,23278202,5.7,"T0",3,3,"DGDMSTC","2",NA,NA
"795",4629910,23278205,5.7,"T0",1,1,"NTHNGHR",NA,NA,NA
"796",4636895,23278206,5.7,"T0",1,1,"NTHNGHR",NA,NA,NA
"797",4638530,23278207,5.7,"T0",1,1,"NTHNGHR",NA,NA,NA
"798",4627631,23278209,5.7,"T0",1,1,"NTHNGHR",NA,NA,NA
"799",4647485,23278210,5.7,"T0",1,1,"NTHNGHR",NA,NA,NA
"800",4647714,23278211,5.7,"T0",1,1,"NTHNGHR",NA,NA,NA
"801",4634250,23278213,5.7,"T0",1,1,"NTHNGHR",NA,NA,NA
"802",4646943,23278217,5.7,"T0",1,1,"NTHNGHR",NA,NA,NA
"803",4647654,23278219,5.7,"T0",1,1,"NTHNGHR",NA,NA,NA
"804",4641237,23278220,5.7,"T0",1,1,"NTHNGHR",NA,NA,NA
"805",4631969,23278221,5.7,"T0",1,1,"NTHNGHR",NA,NA,NA
"806",4631943,23278223,5.7,"T0",1,1,"NTHNGHR",NA,NA,NA
"807",4632317,23278225,5.7,"T0",1,1,"NTHNGHR",NA,NA,NA
"808",4618984,23278226,5.7,"T0",1,1,"RCCN","1",NA,NA
"809",4632622,23278227,5.7,"T0",1,1,"NTHNGHR",NA,NA,NA
"810",4641847,23278228,5.7,"T0",1,1,"NTHNGHR",NA,NA,NA
"811",4658491,23278230,5.7,"T0",1,1,"NTHNGHR",NA,NA,NA
"812",4627793,23278231,5.7,"T0",1,1,"NTHNGHR",NA,NA,NA
"813",4644301,23278233,5.7,"T0",1,1,"NTHNGHR",NA,NA,NA
"814",4636148,23278235,5.7,"T0",1,1,"CT","1",NA,NA
"815",4635384,23278239,5.7,"T0",1,1,"NTHNGHR",NA,NA,NA
"816",4628383,23278240,5.7,"T0",1,1,"NTHNGHR",NA,NA,NA
"817",4629167,23278241,5.7,"T0",1,1,"HMN","1",NA,NA
"818",4638604,23278243,5.7,"T0",1,1,"NTHNGHR",NA,NA,NA
"819",4623219,23278246,5.7,"T0",1,1,"NTHNGHR",NA,NA,NA
"820",4628233,23278248,5.7,"T0",1,1,"NTHNGHR",NA,NA,NA
"821",4636889,23278249,5.7,"T0",1,1,"NTHNGHR",NA,NA,NA
"822",3492823,23278250,5.7,"T0",1,1,"RT","1",NA,NA
"823",4628618,23278254,5.7,"T0",1,1,"NTHNGHR",NA,NA,NA
"824",4644850,23278255,5.7,"T0",1,1,"NTHNGHR",NA,NA,NA
"825",4646272,23278258,5.7,"T0",1,1,"NTHNGHR",NA,NA,NA
"826",4646832,23278259,5.7,"T0",1,1,"NTHNGHR",NA,NA,NA
"827",3492804,23278261,5.7,"T0",1,1,"FXRD","1",NA,NA
"828",4636240,23278262,5.7,"T0",1,1,"RCCN","1",NA,NA
"829",4646823,23278263,5.7,"T0",1,1,"NTHNGHR",NA,NA,NA
"830",4620618,23278267,5.7,"T0",1,1,"NTHNGHR",NA,NA,NA
"831",4628494,23278269,5.7,"T0",1,1,"NTHNGHR",NA,NA,"WOW!"
"832",4638369,23278270,5.7,"T0",1,1,"NTHNGHR",NA,NA,NA
"833",4640533,23278271,5.7,"T0",1,1,"NTHNGHR",NA,NA,NA
"834",4628934,23278276,5.7,"T0",1,1,"RCCN","1",NA,NA
"835",4645167,23278278,5.7,"T0",1,1,"NTHNGHR",NA,NA,NA
"836",4624554,23278281,5.7,"T0",1,1,"NTHNGHR",NA,NA,NA
"837",4647139,23278282,5.7,"T0",1,1,"NTHNGHR",NA,NA,"WOW!"
"838",4644354,23278283,5.7,"T0",1,1,"NTHNGHR",NA,NA,NA
"839",4637357,23278284,5.7,"T0",1,1,"NTHNGHR",NA,NA,NA
"840",4620391,23278287,5.7,"T0",1,1,"NTHNGHR",NA,NA,NA
"841",4645033,23278288,5.7,"T0",1,1,"NTHNGHR",NA,NA,NA
"842",4635390,23278290,5.7,"T0",1,1,"NTHNGHR",NA,NA,NA
"843",4634125,23278292,5.7,"T0",1,1,"NTHNGHR",NA,NA,"WOW!"
"844",4627957,23278293,5.7,"T0",1,1,"NTHNGHR",NA,NA,NA
"845",4627416,23278294,5.7,"T0",1,1,"NTHNGHR",NA,NA,NA
"846",4637556,23278299,5.7,"T0",1,1,"NTHNGHR",NA,NA,NA
"847",4638858,23278300,5.7,"T0",1,1,"NTHNGHR",NA,NA,NA
"848",4626541,23278302,5.7,"T0",1,1,"NTHNGHR",NA,NA,NA
"849",4626915,23278303,5.7,"T0",1,1,"NTHNGHR",NA,NA,NA
"850",4643327,23278307,5.7,"T0",1,1,"NTHNGHR",NA,NA,NA
"851",4646732,23278309,5.7,"T0",1,1,"NTHNGHR",NA,NA,NA
"852",4644962,23278310,5.7,"T0",1,1,"NTHNGHR",NA,NA,NA
"853",4630219,23278311,5.7,"T0",1,1,"NTHNGHR",NA,NA,NA
"854",4620538,23278313,5.7,"T0",1,1,"NTHNGHR",NA,NA,NA
"855",4643217,23278315,5.7,"T0",1,1,"NTHNGHR",NA,NA,NA
"856",4624208,23278319,5.7,"T0",1,1,"NTHNGHR",NA,NA,NA
"857",4639556,23278320,5.7,"T0",1,1,"NTHNGHR",NA,NA,NA
"858",4646296,23278323,5.7,"T0",1,1,"NTHNGHR",NA,NA,NA
"859",4632814,23278324,5.7,"T0",1,1,"HMN","1",NA,NA
"860",4620883,23278325,5.7,"T0",1,1,"NTHNGHR",NA,NA,NA
"861",4645112,23278326,5.7,"T0",1,1,"SQRRLFX","1",NA,NA
"862",4629956,23278329,5.7,"T0",1,1,"NTHNGHR",NA,NA,NA
"863",4647129,23278330,5.7,"T0",1,1,"NTHNGHR",NA,NA,NA
"864",4643247,23278331,5.7,"T0",1,1,"NTHNGHR",NA,NA,NA
"865",4623873,23278334,5.7,"T0",1,1,"NTHNGHR",NA,NA,NA
"866",4630616,23278335,5.7,"T0",1,1,"NTHNGHR",NA,NA,NA
"867",3492777,23278336,5.7,"T0",1,1,"NTHNGHR",NA,NA,NA
"868",4626864,23278338,5.7,"T0",1,1,"NTHNGHR",NA,NA,NA
"869",4643002,23278339,5.7,"T0",1,1,"NTHNGHR",NA,NA,NA
"870",4643657,23278340,5.7,"T0",1,1,"NTHNGHR",NA,NA,NA
"871",4628912,23278342,5.7,"T0",1,1,"SQRRLGR","2",NA,NA
"872",4632317,23278344,5.7,"T0",1,1,"DR","1",NA,NA
"873",4630843,23278345,5.7,"T0",1,1,"CTDMSTC","1",NA,NA
"874",4637605,23278346,5.7,"T0",1,1,"NTHNGHR",NA,NA,NA
"875",4645308,23278347,5.7,"T0",1,1,"NTHNGHR",NA,NA,NA
"876",4639034,23278349,5.7,"T0",1,1,"NTHNGHR",NA,NA,NA
"877",4646336,23278350,5.7,"T0",1,1,"NTHNGHR",NA,NA,NA
"878",4644814,23278353,5.7,"T0",1,1,"NTHNGHR",NA,NA,NA
"879",4625370,23278354,5.7,"T0",1,1,"CT","1",NA,NA
"880",4621871,23278355,5.7,"T0",1,1,"RCCN","1",NA,NA
"881",4638771,23278358,5.7,"T0",1,1,"NTHNGHR",NA,NA,NA
"882",4618618,23278359,5.7,"T0",1,1,"NTHNGHR",NA,NA,NA
"883",4633508,23278360,5.7,"T0",1,1,"NTHNGHR",NA,NA,NA
"884",4631941,23278362,5.7,"T0",1,1,"NTHNGHR",NA,NA,NA
"885",4642686,23278363,5.7,"T0",1,1,"NTHNGHR",NA,NA,NA
"886",4646663,23278368,5.7,"T0",1,1,"NTHNGHR",NA,NA,NA
"887",4638797,23278370,5.7,"T0",1,1,"NTHNGHR",NA,NA,NA
"888",4635954,23278371,5.7,"T0",1,1,"NTHNGHR",NA,NA,NA
"889",4631251,23278373,5.7,"T0",1,1,"NTHNGHR",NA,NA,NA
"890",4639832,23278374,5.7,"T0",1,1,"NTHNGHR",NA,NA,NA
"891",4636381,23278379,5.7,"T0",1,1,"NTHNGHR",NA,NA,NA
"892",4646020,23278382,5.7,"T0",1,1,"NTHNGHR",NA,NA,NA
"893",4645234,23278384,5.7,"T0",2,1,"NTHNGHR",NA,NA,NA
"894",4645234,23278384,5.7,"T0",2,2,"NTHNGHR",NA,NA,NA
"895",4637374,23278385,5.7,"T0",1,1,"NTHNGHR",NA,NA,NA
"896",4619945,23278386,5.7,"T0",1,1,"NTHNGHR",NA,NA,NA
"897",4645025,23278387,5.7,"T0",1,1,"DR","4",NA,NA
"898",4640353,23278390,5.7,"T0",1,1,"NTHNGHR",NA,NA,NA
"899",4640414,23278391,5.7,"T0",1,1,"NTHNGHR",NA,NA,NA
"900",4639712,23278395,5.7,"T0",1,1,"NTHNGHR",NA,NA,NA
"901",4630403,23278396,5.7,"T0",1,1,"HMN","1",NA,NA
"902",4647494,23278397,5.7,"T0",1,1,"NTHNGHR",NA,NA,NA
"903",4640539,23278399,5.7,"T0",1,1,"NTHNGHR",NA,NA,NA
"904",4636166,23278401,5.7,"T0",1,1,"CT","1",NA,NA
"905",4630412,23278402,5.7,"T0",2,1,"HMN","1",NA,NA
"906",4630412,23278402,5.7,"T0",2,2,"DGDMSTC","2",NA,NA
"907",4630201,23278404,5.7,"T0",1,1,"NTHNGHR",NA,NA,NA
"908",4633081,23278406,5.7,"T0",1,1,"NTHNGHR",NA,NA,NA
"909",4643491,23278411,5.7,"T0",1,1,"NTHNGHR",NA,NA,NA
"910",4620152,23278412,5.7,"T0",1,1,"SQRRLFX","1",NA,NA
"911",4620930,23278413,5.7,"T0",1,1,"NTHNGHR",NA,NA,NA
"912",4622253,23278416,5.7,"T0",1,1,"RCCN","1",NA,NA
"913",4630473,23278417,5.7,"T0",1,1,"DGDMSTC","1",NA,NA
"914",4629506,23278422,5.7,"T0",1,1,"NTHNGHR",NA,NA,NA
"915",4645789,23278423,5.7,"T0",1,1,"NTHNGHR",NA,NA,NA
"916",4632978,23278427,5.7,"T0",1,1,"NTHNGHR",NA,NA,NA
"917",4638640,23278429,5.7,"T0",1,1,"NTHNGHR",NA,NA,NA
"918",4618663,23278430,5.7,"T0",1,1,"NTHNGHR",NA,NA,NA
"919",4624701,23278431,5.7,"T0",1,1,"NTHNGHR",NA,NA,NA
"920",4630450,23278434,5.7,"T0",1,1,"HMN","1",NA,NA
"921",4646635,23278435,5.7,"T0",1,1,"NTHNGHR",NA,NA,NA
"922",4644697,23278439,5.7,"T0",1,1,"NTHNGHR",NA,NA,NA
"923",4642401,23278440,5.7,"T0",1,1,"NTHNGHR",NA,NA,NA
"924",4624863,23278441,5.7,"T0",1,1,"NTHNGHR",NA,NA,NA
"925",4623231,23278442,5.7,"T0",1,1,"NTHNGHR",NA,NA,NA
"926",4621406,23278447,5.7,"T0",2,1,"NTHNGHR",NA,NA,NA
"927",4621406,23278447,5.7,"T0",2,2,"NTHNGHR",NA,NA,NA
"928",4631613,23278448,5.7,"T0",1,1,"NTHNGHR",NA,NA,NA
"929",4622433,23278452,5.7,"T0",1,1,"NTHNGHR",NA,NA,NA
"930",4645080,23278454,5.7,"T0",1,1,"NTHNGHR",NA,NA,NA
"931",4625496,23278455,5.7,"T0",1,1,"NTHNGHR",NA,NA,NA
"932",4634106,23278457,5.7,"T0",1,1,"NTHNGHR",NA,NA,NA
"933",4621813,23278465,5.7,"T0",1,1,"NTHNGHR",NA,NA,NA
"934",4624900,23278467,5.7,"T0",1,1,"NTHNGHR",NA,NA,NA
"935",4622171,23278468,5.7,"T0",1,1,"NTHNGHR",NA,NA,NA
"936",4646903,23278469,5.7,"T0",1,1,"NTHNGHR",NA,NA,NA
"937",4631927,23278471,5.7,"T0",2,1,"NTHNGHR",NA,NA,NA
"938",4631927,23278471,5.7,"T0",2,2,"NTHNGHR",NA,NA,NA
"939",4642657,23278472,5.7,"T0",1,1,"WSL","1",NA,NA
"940",4634390,23278476,5.7,"T0",1,1,"NTHNGHR",NA,NA,NA
"941",4630880,23278480,5.7,"T0",1,1,"HMN","2",NA,NA
"942",4642863,23278482,5.7,"T0",1,1,"NTHNGHR",NA,NA,NA
"943",4620911,23278485,5.7,"T0",1,1,"NTHNGHR",NA,NA,NA
"944",4633917,23278486,5.7,"T0",1,1,"NTHNGHR",NA,NA,NA
"945",4620920,23278492,5.7,"T0",1,1,"NTHNGHR",NA,NA,NA
"946",4638180,23278495,5.7,"T0",1,1,"NTHNGHR",NA,NA,NA
"947",4641615,23278499,5.7,"T0",1,1,"NTHNGHR",NA,NA,NA
"948",4618661,23278502,5.7,"T0",1,1,"NTHNGHR",NA,NA,NA
"949",4635281,23278503,5.7,"T0",1,1,"RCCN","1",NA,NA
"950",4641427,23278505,5.7,"T0",1,1,"NTHNGHR",NA,NA,NA
"951",4637374,23278506,5.7,"T0",1,1,"NTHNGHR",NA,NA,NA
"952",4621276,23278508,5.7,"T0",1,1,"NTHNGHR",NA,NA,NA
"953",3492738,23278509,5.7,"T0",1,1,"SKNK","1",NA,NA
"954",4622880,23278513,5.7,"T0",1,1,"NTHNGHR",NA,NA,NA
"955",4625023,23278514,5.7,"T0",1,1,"NTHNGHR",NA,NA,NA
"956",4632864,23278515,5.7,"T0",1,1,"HMN","1",NA,NA
"957",4637673,23278518,5.7,"T0",1,1,"NTHNGHR",NA,NA,NA
"958",4618866,23278519,5.7,"T0",1,1,"RBBT","1",NA,NA
"959",4627649,23278522,5.7,"T0",1,1,"NTHNGHR",NA,NA,NA
"960",4624515,23278524,5.7,"T0",1,1,"NTHNGHR",NA,NA,NA
"961",4640539,23278525,5.7,"T0",1,1,"NTHNGHR",NA,NA,NA
"962",4627633,23278527,5.7,"T0",1,1,"NTHNGHR",NA,NA,NA
"963",4644432,23278530,5.7,"T0",1,1,"NTHNGHR",NA,NA,NA
"964",4631617,23278532,5.7,"T0",1,1,"NTHNGHR",NA,NA,NA
"965",4632614,23278533,5.7,"T0",1,1,"NTHNGHR",NA,NA,NA
"966",4627012,23278538,5.7,"T0",1,1,"NTHNGHR",NA,NA,NA
"967",4636493,23278539,5.7,"T0",1,1,"NTHNGHR",NA,NA,NA
"968",4628644,23278540,5.7,"T0",1,1,"NTHNGHR",NA,NA,NA
"969",4642344,23278541,5.7,"T0",1,1,"NTHNGHR",NA,NA,NA
"970",4631435,23278543,5.7,"T0",1,1,"SQRRLMLNSTCGR","1",NA,NA
"971",4636526,23278544,5.7,"T0",1,1,"NTHNGHR",NA,NA,NA
"972",4643414,23278547,5.7,"T0",1,1,"NTHNGHR",NA,NA,NA
"973",4641214,23278549,5.7,"T0",1,1,"NTHNGHR",NA,NA,NA
"974",4642038,23278551,5.7,"T0",1,1,"NTHNGHR",NA,NA,NA
"975",4629950,23278554,5.7,"T0",1,1,"NTHNGHR",NA,NA,NA
"976",4628533,23278555,5.7,"T0",1,1,"NTHNGHR",NA,NA,NA
"977",4638212,23278560,5.7,"T0",1,1,"NTHNGHR",NA,NA,NA
"978",4640097,23278561,5.7,"T0",1,1,"NTHNGHR",NA,NA,NA
"979",4619355,23278562,5.7,"T0",1,1,"NTHNGHR",NA,NA,NA
"980",4638423,23278566,5.7,"T0",1,1,"NTHNGHR",NA,NA,NA
"981",4630282,23278567,5.7,"T0",1,1,"NTHNGHR",NA,NA,NA
"982",4644091,23278574,5.7,"T0",1,1,"NTHNGHR",NA,NA,NA
"983",4645965,23278576,5.7,"T0",1,1,"NTHNGHR",NA,NA,NA
"984",4620112,23278582,5.7,"T0",1,1,"DGDMSTC","1",NA,NA
"985",4639164,23278583,5.7,"T0",1,1,"NTHNGHR",NA,NA,NA
"986",4625905,23278584,5.7,"T0",1,1,"RCCN","1",NA,NA
"987",4645600,23278585,5.7,"T0",1,1,"NTHNGHR",NA,NA,NA
"988",4626202,23278591,5.7,"T0",2,1,"NTHNGHR",NA,NA,NA
"989",4626202,23278591,5.7,"T0",2,2,"NTHNGHR",NA,NA,NA
"990",4625675,23278594,5.7,"T0",1,1,"DR","1",NA,NA
"991",4621654,23278596,5.7,"T0",1,1,"HMN","1",NA,NA
"992",4647976,23278597,5.7,"T0",1,1,"HMN","1",NA,NA
"993",4644573,23278600,5.7,"T0",1,1,"SQRRLGR","1",NA,NA
"994",4639034,23278601,5.7,"T0",1,1,"NTHNGHR",NA,NA,NA
"995",4621093,23278603,5.7,"T0",1,1,"NTHNGHR",NA,NA,NA
"996",4630013,23278604,5.7,"T0",1,1,"HMN","1",NA,NA
"997",4644697,23278605,5.7,"T0",1,1,"NTHNGHR",NA,NA,NA
"998",4643251,23278606,5.7,"T0",1,1,"NTHNGHR",NA,NA,NA
"999",4619990,23278610,5.7,"T0",1,1,"NTHNGHR",NA,NA,NA
"1000",4640078,23278611,5.7,"T0",1,1,"NTHNGHR",NA,NA,NA
"1001",4643659,23278612,5.7,"T0",1,1,"NTHNGHR",NA,NA,NA
"1002",4637542,23278616,5.7,"T0",1,1,"NTHNGHR",NA,NA,NA
"1003",4647051,23278617,5.7,"T0",1,1,"NTHNGHR",NA,NA,NA
"1004",4645025,23278621,5.7,"T0",1,1,"DR","4",NA,NA
"1005",4623300,23278622,5.7,"T0",1,1,"NTHNGHR",NA,NA,NA
"1006",4629059,23278623,5.7,"T0",1,1,"NTHNGHR",NA,NA,NA
"1007",4633154,23278625,5.7,"T0",1,1,"SQRRLGR","1",NA,NA
"1008",4631969,23278627,5.7,"T0",1,1,"NTHNGHR",NA,NA,NA
"1009",4637149,23278631,5.7,"T0",1,1,"NTHNGHR",NA,NA,NA
"1010",4647051,23278633,5.7,"T0",1,1,"NTHNGHR",NA,NA,NA
"1011",4628925,23278634,5.7,"T0",1,1,"NTHNGHR",NA,NA,NA
"1012",4646068,23278635,5.7,"T0",1,1,"NTHNGHR",NA,NA,NA
"1013",4641985,23278638,5.7,"T0",1,1,"RBBT","1",NA,NA
"1014",4638640,23278639,5.7,"T0",1,1,"NTHNGHR",NA,NA,NA
"1015",4636046,23278641,5.7,"T0",1,1,"NTHNGHR",NA,NA,NA
